{
    "title": "Mastercrafted - Crafting Manager",
    "description": "A System agnostic Crafting Module",
    "id": "mastercrafted",
    "version": "2.1",
    "authors": [
      {
        "name": "theripper93",
        "email": "tsplab@gmail.com",
        "url": "https://www.patreon.com/theripper93"
      }
    ],
    "languages": [
    {
      "lang": "en",
      "name": "English",
      "path": "languages/en.json"
    },
    {
      "lang": "ja",
      "name": "日本語",
      "path": "languages/ja.json"
    },
    {
      "lang": "de",
      "name": "Deutsch",
      "path": "languages/de.json"
    },
    {
      "lang": "fr",
      "name": "Français",
      "path": "languages/fr.json"
    },
    {
      "lang": "es",
      "name": "Español",
      "path": "languages/es.json"
    },
    {
      "lang": "it",
      "name": "Italiano",
      "path": "languages/it.json"
    },
    {
      "lang": "ru",
      "name": "Русский",
      "path": "languages/ru.json"
    }
    ],
    "scripts": [
    ],
    "esmodules": [
      "scripts/config.js",
      "scripts/main.js"
    ],
    "styles": [
      "styles/module.css"
    ],
    "packs": [
    ],
    "url": "https://www.patreon.com/theripper93",
    "manifest": "",
    "download": "",
    "relationships": {
    },
    "compatibility": {
      "minimum": "11",
      "verified": "11"
    }
  }
